{
    "$schema": "http://json-schema.org/draft-07/schema#",
    "$id": "https://github.com/Enfernuz/quik-lua-rpc/json/schema/AddColumn.result.scheme.json",
    "title": "Результат процедуры AddColumn",
    "description": "Схема объекта результата удалённого вызова процедуры AddColumn",
    "type": "object",
    "properties": {
        "result": {
            "description": "Результат",
            "type": "number"
        }
    },
    "additionalProperties": false,
    "required": ["result"]
}
