{
    "$schema": "http://json-schema.org/draft-07/schema#",
    "$id": "https://github.com/Enfernuz/quik-lua-rpc/json/schema/AddLabel.args.scheme.json",
    "title": "Аргументы процедуры AddLabel",
    "description": "Схема объекта аргументов к удалённому вызову процедуры AddLabel",
    "type": "object",
    "properties": {
        "chart_tag": {
            "description": "Параметр chart_tag",
            "type": "string"
        },
        "label_params": {
            "description": "Параметр label_params",
            "type": "object",
            "additionalProperties": {
                "type": "string"
            }
        }
    },
    "additionalProperties": false,
    "required": ["chart_tag", "label_params"]
}
