{
    "$schema": "http://json-schema.org/draft-07/schema#",
    "$id": "https://github.com/Enfernuz/quik-lua-rpc/json/schema/AllocTable.result.scheme.json",
    "title": "Результат процедуры AllocTable",
    "description": "Схема объекта результата удалённого вызова процедуры AllocTable",
    "type": "object",
    "properties": {
        "t_id": {
            "description": "Параметр t_id",
            "type": "number"
        }
    },
    "additionalProperties": false,
    "required": ["t_id"]
}
