{
    "$schema": "http://json-schema.org/draft-07/schema#",
    "$id": "https://github.com/Enfernuz/quik-lua-rpc/json/schema/CalcBuySell.args.scheme.json",
    "title": "Аргументы процедуры CalcBuySell",
    "description": "Схема объекта аргументов к удалённому вызову процедуры CalcBuySell",
    "type": "object",
    "properties": {
        "class_code": {
            "description": "Параметр class_code",
            "type": "string"
        },
        "sec_code": {
            "description": "Параметр sec_code",
            "type": "string"
        },
        "client_code": {
            "description": "Параметр client_code",
            "type": "string"
        },
        "account": {
            "description": "Параметр account",
            "type": "string"
        },
        "price": {
            "description": "Параметр price",
            "$ref": "https://github.com/Enfernuz/quik-lua-rpc/json/schema/QluaStructures.scheme.json#/definitions/NumberAsString"
        },
        "is_buy": {
            "description": "Параметр is_buy",
            "type": "boolean"
        },
        "is_market": {
            "description": "Параметр is_market",
            "type": "boolean"
        }
    },
    "additionalProperties": false,
    "required": ["class_code", "sec_code", "client_code", "account", "price", "is_buy", "is_market"]
}
