{
    "$schema": "http://json-schema.org/draft-07/schema#",
    "$id": "https://github.com/Enfernuz/quik-lua-rpc/json/schema/DelLabel.args.scheme.json",
    "title": "Аргументы процедуры DelLabel",
    "description": "Схема объекта аргументов к удалённому вызову процедуры DelLabel",
    "type": "object",
    "properties": {
        "chart_tag": {
            "description": "Параметр chart_tag",
            "type": "string"
        },
        "label_id": {
            "description": "Параметр label_id",
            "type": "number"
        }
    },
    "additionalProperties": false,
    "required": ["chart_tag", "label_id"]
}
