{
    "$schema": "http://json-schema.org/draft-07/schema#",
    "$id": "https://github.com/Enfernuz/quik-lua-rpc/json/schema/DestroyTable.result.scheme.json",
    "title": "Результат процедуры DestroyTable",
    "description": "Схема объекта результата удалённого вызова процедуры DestroyTable",
    "type": "object",
    "properties": {
        "result": {
            "description": "Результат",
            "type": "boolean"
        }
    },
    "additionalProperties": false,
    "required": ["result"]
}
