{
    "$schema": "http://json-schema.org/draft-07/schema#",
    "$id": "https://github.com/Enfernuz/quik-lua-rpc/json/schema/getBuySellInfo.result.scheme.json",
    "title": "Результат процедуры getBuySellInfo",
    "description": "Схема объекта результата удалённого вызова процедуры getBuySellInfo",
    "type": "object",
    "properties": {
        "buy_sell_info": {
            "description": "Результат",
            "type": "object",
            "properties": {
                "is_margin_sec": {
                    "description": "Параметр is_margin_sec",
                    "type": "string"
                },
                "is_asset_sec": {
                    "description": "Параметр is_asset_sec",
                    "type": "string"
                },
                "balance": {
                    "description": "Параметр balance",
                    "type": "string"
                },
                "can_buy": {
                    "description": "Параметр can_buy",
                    "type": "string"
                },
                "can_sell": {
                    "description": "Параметр can_sell",
                    "type": "string"
                },
                "position_valuation": {
                    "description": "Параметр position_valuation",
                    "type": "string"
                },
                "value": {
                    "description": "Параметр value",
                    "type": "string"
                },
                "open_value": {
                    "description": "Параметр open_value",
                    "type": "string"
                },
                "lim_long": {
                    "description": "Параметр lim_long",
                    "type": "string"
                },
                "long_coef": {
                    "description": "Параметр long_coef",
                    "type": "string"
                },
                "lim_short": {
                    "description": "Параметр lim_short",
                    "type": "string"
                },
                "short_coef": {
                    "description": "Параметр short_coef",
                    "type": "string"
                },
                "value_coef": {
                    "description": "Параметр value_coef",
                    "type": "string"
                },
                "open_value_coef": {
                    "description": "Параметр open_value_coef",
                    "type": "string"
                },
                "share": {
                    "description": "Параметр share",
                    "type": "string"
                },
                "short_wa_price": {
                    "description": "Параметр short_wa_price",
                    "type": "string"
                },
                "long_wa_price": {
                    "description": "Параметр long_wa_price",
                    "type": "string"
                },
                "profit_loss": {
                    "description": "Параметр profit_loss",
                    "type": "string"
                },
                "spread_hc": {
                    "description": "Параметр spread_hc",
                    "type": "string"
                },
                "can_buy_own": {
                    "description": "Параметр can_buy_own",
                    "type": "string"
                },
                "can_sell_own": {
                    "description": "Параметр can_sell_own",
                    "type": "string"
                }
            }
        }
    },
    "additionalProperties": false,
    "required": ["buy_sell_info"]
}
