{
    "$schema": "http://json-schema.org/draft-07/schema#",
    "$id": "https://github.com/Enfernuz/quik-lua-rpc/json/schema/GetCell.args.scheme.json",
    "title": "Аргументы процедуры GetCell",
    "description": "Схема объекта аргументов к удалённому вызову процедуры GetCell",
    "type": "object",
    "properties": {
        "t_id": {
            "description": "Параметр t_id",
            "type": "number"
        },
        "key": {
            "description": "Параметр key",
            "type": "integer"
        },
        "code": {
            "description": "Параметр code",
            "type": "integer"
        }
    },
    "additionalProperties": false,
    "required": ["t_id", "key", "code"]
}
