{
    "$schema": "http://json-schema.org/draft-07/schema#",
    "$id": "https://github.com/Enfernuz/quik-lua-rpc/json/schema/getClassesList.result.scheme.json",
    "title": "Результат процедуры getClassesList",
    "description": "Схема объекта результата удалённого вызова процедуры getClassesList",
    "type": "object",
    "properties": {
        "classes_list": {
            "description": "Результат",
            "type": "string"
        }
    },
    "additionalProperties": false,
    "required": ["classes_list"]
}
