{
    "$schema": "http://json-schema.org/draft-07/schema#",
    "$id": "https://github.com/Enfernuz/quik-lua-rpc/json/schema/getClassInfo.result.scheme.json",
    "title": "Результат процедуры getClassInfo",
    "description": "Схема объекта результата удалённого вызова процедуры getClassInfo",
    "type": "object",
    "properties": {
        "class_info": {
            "description": "Результат",
            "type": "object",
            "properties": {
                "firmid": {
                    "description": "Параметр firmid",
                    "type": "string"
                },
                "name": {
                    "description": "Параметр name",
                    "type": "string"
                },
                "code": {
                    "description": "Параметр code",
                    "type": "string"
                },
                "npars": {
                    "description": "Параметр npars",
                    "type": "number"
                },
                "nsecs": {
                    "description": "Параметр nsecs",
                    "type": "number"
                }
            }
        }
    },
    "additionalProperties": false,
    "required": ["class_info"]
}
