{
    "$schema": "http://json-schema.org/draft-07/schema#",
    "$id": "https://github.com/Enfernuz/quik-lua-rpc/json/schema/getDepoEx.args.scheme.json",
    "title": "Аргументы процедуры getDepoEx",
    "description": "Схема объекта аргументов к удалённому вызову процедуры getDepoEx",
    "type": "object",
    "properties": {
        "firmid": {
            "description": "Параметр firmid",
            "type": "string"
        },
        "client_code": {
            "description": "Параметр client_code",
            "type": "string"
        },
        "sec_code": {
            "description": "Параметр sec_code",
            "type": "string"
        },
        "trdaccid": {
            "description": "Параметр trdaccid",
            "type": "string"
        },
        "limit_kind": {
            "description": "Параметр limit_kind",
            "type": "integer"
        }
    },
    "additionalProperties": false,
    "required": ["firmid", "client_code", "sec_code", "trdaccid", "limit_kind"]
}
