{
    "$schema": "http://json-schema.org/draft-07/schema#",
    "$id": "https://github.com/Enfernuz/quik-lua-rpc/json/schema/getFuturesHolding.args.scheme.json",
    "title": "Аргументы процедуры getFuturesHolding",
    "description": "Схема объекта аргументов к удалённому вызову процедуры getFuturesHolding",
    "type": "object",
    "properties": {
        "firmid": {
            "description": "Параметр firmid",
            "type": "string"
        },
        "trdaccid": {
            "description": "Параметр trdaccid",
            "type": "string"
        },
        "sec_code": {
            "description": "Параметр sec_code",
            "type": "string"
        },
        "type": {
            "description": "Параметр type",
            "type": "integer"
        }
    },
    "additionalProperties": false,
    "required": ["firmid", "trdaccid", "sec_code", "type"]
}
