{
    "$schema": "http://json-schema.org/draft-07/schema#",
    "$id": "https://github.com/Enfernuz/quik-lua-rpc/json/schema/getInfoParam.result.scheme.json",
    "title": "Результат процедуры getInfoParam",
    "description": "Схема объекта результата удалённого вызова процедуры getInfoParam",
    "type": "object",
    "properties": {
        "info_param": {
            "description": "Результат",
            "type": "string"
        }
    },
    "additionalProperties": false,
    "required": ["info_param"]
}
