{
    "$schema": "http://json-schema.org/draft-07/schema#",
    "$id": "https://github.com/Enfernuz/quik-lua-rpc/json/schema/getItem.args.scheme.json",
    "title": "Аргументы процедуры getItem",
    "description": "Схема объекта аргументов к удалённому вызову процедуры getItem",
    "type": "object",
    "properties": {
        "table_name": {
            "description": "Параметр table_name",
            "type": "string"
        },
        "index": {
            "description": "Параметр index",
            "$ref": "https://github.com/Enfernuz/quik-lua-rpc/json/schema/QluaStructures.scheme.json#/definitions/Index"
        }
    },
    "additionalProperties": false,
    "required": ["table_name", "index"]
}
