{
    "$schema": "http://json-schema.org/draft-07/schema#",
    "$id": "https://github.com/Enfernuz/quik-lua-rpc/json/schema/getInfoParam.args.scheme.json",
    "title": "Аргументы процедуры getInfoParam",
    "description": "Схема объекта аргументов к удалённому вызову процедуры getInfoParam",
    "type": "object",
    "properties": {
        "param_name": {
            "description": "Параметр param_name",
            "type": "string"
        }
    },
    "additionalProperties": false,
    "required": ["param_name"]
}
