{
    "$schema": "http://json-schema.org/draft-07/schema#",
    "$id": "https://github.com/Enfernuz/quik-lua-rpc/json/schema/getLinesCount.result.scheme.json",
    "title": "Результат процедуры getLinesCount",
    "description": "Схема объекта результата удалённого вызова процедуры getLinesCount",
    "type": "object",
    "properties": {
        "lines_count": {
            "description": "Результат",
            "type": "number"
        }
    },
    "additionalProperties": false,
    "required": ["lines_count"]
}
