{
    "$schema": "http://json-schema.org/draft-07/schema#",
    "$id": "https://github.com/Enfernuz/quik-lua-rpc/json/schema/getMoney.args.scheme.json",
    "title": "Аргументы процедуры getMoney",
    "description": "Схема объекта аргументов к удалённому вызову процедуры getMoney",
    "type": "object",
    "properties": {
        "client_code": {
            "description": "Параметр client_code",
            "type": "string"
        },
        "firmid": {
            "description": "Параметр firmid",
            "type": "string"
        },
        "tag": {
            "description": "Параметр tag",
            "type": "string"
        },
        "currcode": {
            "description": "Параметр currcode",
            "type": "string"
        }
    },
    "additionalProperties": false,
    "required": ["client_code", "firmid", "tag", "currcode"]
}
