{
    "$schema": "http://json-schema.org/draft-07/schema#",
    "$id": "https://github.com/Enfernuz/quik-lua-rpc/json/schema/getNumCandles.args.scheme.json",
    "title": "Аргументы процедуры getNumCandles",
    "description": "Схема объекта аргументов к удалённому вызову процедуры getNumCandles",
    "type": "object",
    "properties": {
        "tag": {
            "description": "Параметр tag",
            "type": "string"
        }
    },
    "additionalProperties": false,
    "required": ["tag"]
}
