{
    "$schema": "http://json-schema.org/draft-07/schema#",
    "$id": "https://github.com/Enfernuz/quik-lua-rpc/json/schema/getNumberOf.args.scheme.json",
    "title": "Аргументы процедуры getNumberOf",
    "description": "Схема объекта аргументов к удалённому вызову процедуры getNumberOf",
    "type": "object",
    "properties": {
        "table_name": {
            "description": "Параметр table_name",
            "type": "string"
        }
    },
    "additionalProperties": false,
    "required": ["table_name"]
}
