{
    "$schema": "http://json-schema.org/draft-07/schema#",
    "$id": "https://github.com/Enfernuz/quik-lua-rpc/json/schema/getNumCandles.result.scheme.json",
    "title": "Результат процедуры getNumCandles",
    "description": "Схема объекта результата удалённого вызова процедуры getNumCandles",
    "type": "object",
    "properties": {
        "num_candles": {
            "description": "Результат",
            "type": "number"
        }
    },
    "additionalProperties": false,
    "required": ["num_candles"]
}
