{
    "$schema": "http://json-schema.org/draft-07/schema#",
    "$id": "https://github.com/Enfernuz/quik-lua-rpc/json/schema/getOrderByNumber.args.scheme.json",
    "title": "Аргументы процедуры getOrderByNumber",
    "description": "Схема объекта аргументов к удалённому вызову процедуры getOrderByNumber",
    "type": "object",
    "properties": {
        "class_code": {
            "description": "Параметр class_code",
            "type": "string"
        },
        "order_id": {
            "description": "Параметр order_id",
            "type": "number"
        }
    },
    "additionalProperties": false,
    "required": ["class_code", "order_id"]
}
