{
    "$schema": "http://json-schema.org/draft-07/schema#",
    "$id": "https://github.com/Enfernuz/quik-lua-rpc/json/schema/GetTableSize.result.scheme.json",
    "title": "Результат процедуры GetTableSize",
    "description": "Схема объекта результата удалённого вызова процедуры GetTableSize",
    "type": "object",
    "properties": {
        "table_size": {
            "description": "Результат",
            "type": "object",
            "properties": {
                "rows": {
                    "description": "Параметр rows",
                    "type": "number"
                },
                "col": {
                    "description": "Параметр col",
                    "type": "number"
                }
            },
            "additionalProperties": false,
            "required": ["rows", "col"]
        }
    },
    "additionalProperties": false
}
