{
    "$schema": "http://json-schema.org/draft-07/schema#",
    "$id": "https://github.com/Enfernuz/quik-lua-rpc/json/schema/GetWindowCaption.result.scheme.json",
    "title": "Результат процедуры GetWindowCaption",
    "description": "Схема объекта результата удалённого вызова процедуры GetWindowCaption",
    "type": "object",
    "properties": {
        "caption": {
            "description": "Результат",
            "type": "string"
        }
    },
    "additionalProperties": false
}
