{
    "$schema": "http://json-schema.org/draft-07/schema#",
    "$id": "https://github.com/Enfernuz/quik-lua-rpc/json/schema/getWorkingFolder.result.scheme.json",
    "title": "Результат процедуры getWorkingFolder",
    "description": "Схема объекта результата удалённого вызова процедуры getWorkingFolder",
    "type": "object",
    "properties": {
        "working_folder": {
            "description": "Результат",
            "type": "string"
        }
    },
    "additionalProperties": false,
    "required": ["working_folder"]
}
