{
    "$schema": "http://json-schema.org/draft-07/schema#",
    "$id": "https://github.com/Enfernuz/quik-lua-rpc/json/schema/GetWindowRect.result.scheme.json",
    "title": "Результат процедуры GetWindowRect",
    "description": "Схема объекта результата удалённого вызова процедуры GetWindowRect",
    "type": "object",
    "properties": {
        "window_rect": {
            "description": "Результат",
            "type": "object",
            "properties": {
                "top": {
                    "description": "Параметр top",
                    "type": "number"
                },
                "left": {
                    "description": "Параметр left",
                    "type": "number"
                },
                "bottom": {
                    "description": "Параметр bottom",
                    "type": "number"
                },
                "right": {
                    "description": "Параметр right",
                    "type": "number"
                }
            },
            "additionalProperties": false,
            "required": ["top", "left", "bottom", "right"]
        }
    },
    "additionalProperties": false
}
