{
    "$schema": "http://json-schema.org/draft-07/schema#",
    "$id": "https://github.com/Enfernuz/quik-lua-rpc/json/schema/Highlight.args.scheme.json",
    "title": "Аргументы процедуры Highlight",
    "description": "Схема объекта аргументов к удалённому вызову процедуры Highlight",
    "type": "object",
    "definitions": {
        "MatrixIndex": {
            "description": "Индекс элемента матрицы",
            "type": ["integer", "null"],
            "minimum": 0
        },
        "Color": {
            "description": "Цвет в формате RGB",
            "type": ["integer", "null"]
        }
    },
    "properties": {
        "t_id": {
            "description": "Параметр t_id",
            "type": "number"
        },
        "row": {
            "description": "Параметр row",
            "$ref": "#/definitions/MatrixIndex"
        },
        "col": {
            "description": "Параметр col",
            "$ref": "#/definitions/MatrixIndex"
        },
        "b_color": {
            "description": "Параметр b_color",
            "$ref": "#/definitions/Color"
        },
        "f_color": {
            "description": "Параметр f_color",
            "$ref": "#/definitions/Color"
        },
        "timeout": {
            "description": "Параметр timeout",
            "type": "number"
        }
    },
    "additionalProperties": false,
    "required": ["t_id", "timeout"]
}
