{
    "$schema": "http://json-schema.org/draft-07/schema#",
    "$id": "https://github.com/Enfernuz/quik-lua-rpc/json/schema/isConnected.result.scheme.json",
    "title": "Результат процедуры isConnected",
    "description": "Схема объекта результата удалённого вызова процедуры isConnected",
    "type": "object",
    "properties": {
        "is_connected": {
            "description": "Результат",
            "type": "number"
        }
    },
    "additionalProperties": false,
    "required": ["is_connected"]
}
