{
    "$schema": "http://json-schema.org/draft-07/schema#",
    "$id": "https://github.com/Enfernuz/quik-lua-rpc/json/schema/message.args.scheme.json",
    "title": "Аргументы процедуры message",
    "description": "Схема объекта аргументов к удалённому вызову процедуры message",
    "type": "object",
    "properties": {
        "message": {
            "description": "Параметр message",
            "type": "string"
        },
        "icon_type": {
            "type": ["integer", "null"],
            "minimum": 1,
            "maximum": 3
        }
    },
    "additionalProperties": false,
    "required": ["message"]
}
