{
    "$schema": "http://json-schema.org/draft-07/schema#",
    "$id": "https://github.com/Enfernuz/quik-lua-rpc/json/schema/PrintDbgStr.args.scheme.json",
    "title": "Аргументы процедуры PrintDbgStr",
    "description": "Схема объекта аргументов к удалённому вызову процедуры PrintDbgStr",
    "type": "object",
    "properties": {
        "s": {
            "description": "Параметр s",
            "type": "string"
        }
    },
    "additionalProperties": false,
    "required": ["s"]
}
