{
    "$schema": "http://json-schema.org/draft-07/schema#",
    "$id": "https://github.com/Enfernuz/quik-lua-rpc/json/schema/SetTableNotificationCallback.args.scheme.json",
    "title": "Аргументы процедуры SetTableNotificationCallback",
    "description": "Схема объекта аргументов к удалённому вызову процедуры SetTableNotificationCallback",
    "type": "object",
    "properties": {
        "t_id": {
            "description": "Параметр t_id",
            "type": "number"
        },
        "f_cb_def": {
            "description": "Параметр f_cb_def",
            "type": "string"
        }
    },
    "additionalProperties": false,
    "required": ["t_id", "f_cb_def"]
}
