{
    "$schema": "http://json-schema.org/draft-07/schema#",
    "$id": "https://github.com/Enfernuz/quik-lua-rpc/json/schema/SetWindowCaption.args.scheme.json",
    "title": "Аргументы процедуры SetWindowCaption",
    "description": "Схема объекта аргументов к удалённому вызову процедуры SetWindowCaption",
    "type": "object",
    "properties": {
        "t_id": {
            "description": "Параметр t_id",
            "type": "number"
        },
        "str": {
            "description": "Параметр str",
            "type": "string"
        }
    },
    "additionalProperties": false,
    "required": ["t_id", "str"]
}
