{
    "$schema": "http://json-schema.org/draft-07/schema#",
    "$id": "https://github.com/Enfernuz/quik-lua-rpc/json/schema/Clear.result.scheme.json",
    "title": "Результат процедуры Clear",
    "description": "Схема объекта результата удалённого вызова процедуры Clear",
    "type": "object",
    "properties": {
        "result": {
            "description": "Результат",
            "type": "integer"
        }
    },
    "additionalProperties": false
}
