{
    "$schema": "http://json-schema.org/draft-07/schema#",
    "$id": "https://github.com/Enfernuz/quik-lua-rpc/json/schema/datasource/CreateDataSource.result.scheme.json",
    "title": "Результат процедуры datasource.CreateDataSource",
    "description": "Схема объекта результата удалённого вызова процедуры datasource.CreateDataSource",
    "type": "object",
    "properties": {
        "datasource_uuid": {
            "description": "UUID созданного источника данных",
            "$ref": "https://github.com/Enfernuz/quik-lua-rpc/json/schema/QluaStructures.scheme.json#/definitions/DatasourceUUID"
        },
        "error_desc": {
            "description": "Описание ошибки, если таковая возникла",
            "type": "string"
        },
        "is_error": {
            "description": "Флаг наличия ошибки",
            "type": "boolean"
        }
    },
    "additionalProperties": false,
    "required": ["is_error"]
}
