{
    "$schema": "http://json-schema.org/draft-07/schema#",
    "$id": "https://github.com/Enfernuz/quik-lua-rpc/json/schema/datasource/T.args.scheme.json",
    "title": "Аргументы процедуры datasource.T",
    "description": "Схема объекта аргументов к удалённому вызову процедуры datasource.T",
    "type": "object",
    "properties": {
        "datasource_uuid": {
            "description": "Параметр datasource_uuid",
            "$ref": "https://github.com/Enfernuz/quik-lua-rpc/json/schema/QluaStructures.scheme.json#/definitions/DatasourceUUID"
        },
        "candle_index": {
            "description": "Параметр candle_index",
            "$ref": "https://github.com/Enfernuz/quik-lua-rpc/json/schema/QluaStructures.scheme.json#/definitions/Index"
        }
    },
    "additionalProperties": false,
    "required": ["datasource_uuid", "candle_index"]
}
