{
    "$schema": "http://json-schema.org/draft-07/schema#",
    "$id": "https://github.com/Enfernuz/quik-lua-rpc/json/schema/datasource/T.result.scheme.json",
    "title": "Результат процедуры datasource.T",
    "description": "Схема объекта результата удалённого вызова процедуры datasource.T",
    "type": "object",
    "properties": {
        "time": {
            "description": "Параметр time",
            "$ref": "https://github.com/Enfernuz/quik-lua-rpc/json/schema/QluaStructures.scheme.json#/definitions/DatasourceTime"
        }
    },
    "additionalProperties": false,
    "required": ["time"]
}
