{
    "$schema": "http://json-schema.org/draft-07/schema#",
    "$id": "https://github.com/Enfernuz/quik-lua-rpc/json/schema/os/sysdate.result.scheme.json",
    "title": "Результат процедуры os.sysdate",
    "description": "Схема объекта результата удалённого вызова процедуры os.sysdate",
    "type": "object",
    "properties": {
        "result": {
            "$ref": "https://github.com/Enfernuz/quik-lua-rpc/json/schema/QluaStructures.scheme.json#/definitions/DateTimeEntry"
        }
    },
    "additionalProperties": false,
    "required": ["result"]
}
