{
    "$schema": "http://json-schema.org/draft-07/schema#",
    "$id": "https://github.com/Enfernuz/quik-lua-rpc/json/schema/bit/band.args.scheme.json",
    "title": "Аргументы процедуры bit.band",
    "description": "Схема объекта аргументов к удалённому вызову процедуры bit.band",
    "type": "object",
    "properties": {
        "x1": {
            "description": "Параметр x1",
            "type": "number"
        },
        "x2": {
            "description": "Параметр x2",
            "type": "number"
        },
        "xi": {
            "description": "Параметр xi",
            "type": "array",
            "items": {
                "type": "number"
            }
        }
    },
    "additionalProperties": false,
    "required": ["x1", "x2"]
}
