{
    "$schema": "http://json-schema.org/draft-07/schema#",
    "$id": "https://github.com/Enfernuz/quik-lua-rpc/json/schema/bit/tohex.args.scheme.json",
    "title": "Аргументы процедуры bit.tohex",
    "description": "Схема объекта аргументов к удалённому вызову процедуры bit.tohex",
    "type": "object",
    "properties": {
        "x": {
            "description": "Параметр x",
            "type": "number"
        },
        "n": {
            "description": "Параметр n",
            "type": "integer",
            "minimum": 0
        }
    },
    "additionalProperties": false,
    "required": ["x"]
}
